{"conf_mat_table": {"_type": "table-file", "sha256": "1c60515d941fa3be7b02aca72b1d32b3c4b49bf69281b0ecef7d2d86740706cb", "size": 487, "artifact_path": "wandb-client-artifact://7ykqgbnnkkjiahupyxwyizg10on5xdihsszhi8727n3nqqvpwic747madrviobyvbxog9l3jknlr4afp61fyp4rlfy0v3689xfkfbkqjp8s1forbni2cp15zi2fw4vsz:latest/conf_mat_table.table.json", "_latest_artifact_path": "wandb-client-artifact://7ykqgbnnkkjiahupyxwyizg10on5xdihsszhi8727n3nqqvpwic747madrviobyvbxog9l3jknlr4afp61fyp4rlfy0v3689xfkfbkqjp8s1forbni2cp15zi2fw4vsz:latest/conf_mat_table.table.json", "path": "media/table/conf_mat_table_58_1c60515d941fa3be7b02.table.json", "ncols": 3, "nrows": 25}, "_timestamp": 1678628901.5803592, "_runtime": 405.1074411869049, "_step": 59, "Accuracy": 43.70860927152318, "Train_loss": 22.234758615493774, "Val_loss": 3.9561339616775513, "_wandb": {"runtime": 404}}